"1С-Битрикс";1
"2d-анимация";2
"2d-графика";3
"3ds Max";4
"3d анимация";5
"3d моделирование";6
"960gs";7
"ABAP";8
"Ableton live";9
"ActionScript";10
"Active directory";11
"Acunetix";12
"ADFOX";13
"Adobe Acrobat";14
"Adobe After Effects";15
"Adobe Air";16
"Adobe Animate";17
"Adobe Audition";18
"Adobe Creative Suite 6";19
"Adobe Dreamweaver";20
"Adobe Edge Animate";21
"Adobe Fireworks";22
"Adobe Illustrator";23
"Adobe Indesign";24
"Adobe Muse";25
"Adobe Photoshop";26
"Adobe Premiere";27
"Adobe XD";28
"ADO.NET";29
"ADO.NET entity framework";30
"Aerospike";31
"Agile";32
"Ahrefs";33
"AIOHTTP";34
"AIX";35
"Ajax";36
"Akka";37
"Altium designer";38
"Amazon EKS";39
"AmoCRM";40
"Amplitude";41
"Android NDK";42
"Android SDK";43
"Android studio";44
"Android User Interface Guidelines";45
"Angular";46
"Angular.js";47
"Ansible";48
"Ansi C";49
"Ant";50
"Apache";51
"Apache2";52
"Apache Airflow";53
"Apache Camel";54
"Apache Cassandra";55
"Apache Cordova";56
"Apache CouchDB";57
"Apache Flex";58
"Apache Flink";59
"Apache Hadoop";60
"Apache JMeter";61
"Apache Kafka";62
"Apache Maven";63
"Apache Spark";64
"Apache Struts";65
"Apache Subversion";66
"Apache Tomcat";67
"API Интерфейсы";68
"API Яндекс.Карты";69
"Apollo";70
"App Inventor";71
"Appium";72
"Applicability statement 2";73
"Appsflyer";74
"Arcgis";75
"Archicad";76
"ArchiMate";77
"Arduino";78
"Aris";79
"ARM architecture";80
"Artlantis";81
"Asana";82
"AsciiDoc";83
"ASM";84
"ASP Classic";85
"ASP.NET";86
"ASP.NET MVC";87
"ASP.NET WEB API";88
"ASP.NET Webforms";89
"Assembler";90
"Asterisk";91
"Asyncio";92
"ATL";93
"Atmel AVR";94
"Atmel AVR ASM";95
"Atom";96
"Autocad";97
"Autodesk Maya";98
"Autoit";99
"Autolayout";100
"AUTOSAR";101
"AvaloniaUI";102
"Avaya";103
"AVR C";104
"AWS";105
"Axapta";106
"Axure";107
"Axure RP";108
"B2B";109
"B2C";110
"Babel";111
"Babylon.js";112
"Backbone.js";113
"Balsamiq mockups";114
"Bamboo CI";115
"Bash";116
"Behat";117
"BFT";118
"BGP";119
"BI";120
"Bitcoin";121
"Black box testing";122
"Blazor";123
"Blender";124
"Blockchain";125
"Boost";126
"Border Gateway Protocol";127
"Bower";128
"Box2d";129
"BPMN";130
"Brand";131
"Bubble";132
"Buddy";133
"Burp Suite";134
"Business intelligence";135
"Bytecode Viewer";136
"C";137
"C#";138
"C++";139
"Caché ObjectScript";140
"Cacti";141
"Caffe";142
"CakePHP";143
"Calabash";144
"Camunda";145
"Canvas";146
"Capistrano";147
"Capybara";148
"C++ boost";149
"CCNA";150
"CCS";151
"Celery";152
"Centos";153
"Channel";154
"Chaplin.js";155
"Charles";156
"Chef";157
"CI/CD";158
"Cinema 4d";159
"CIO";160
"Circle CI";161
"Cisco CCNA";162
"Cisco CCNP";163
"Citrix";164
"Clarion";165
"Clean Architecture";166
"ClickHouse";167
"Clojure";168
"Cmake";169
"CMS «1С-Битрикс»";170
"Cocoa";171
"Cocoa touch";172
"Cocos2d";173
"Cocos2d-iPhone";174
"Cocos2d-x";175
"Codeception";176
"Codeigniter";177
"CoffeeScript";178
"Coldfusion";179
"Common lisp";180
"Compass";181
"Composer";182
"Computer Engineering";183
"Computer Science";184
"Consul";185
"Contentful";186
"CoreData";187
"Core graphics";188
"Corel Draw";189
"Corel Painter";190
"Corona SDK";191
"Coroutines";192
"Cortex-M3";193
"Creatio CRM";194
"Crystal";195
"CS-Cart";196
"CSS";197
"CSS-in-JS";198
"CSS processors";199
"C++ stl";200
"Cucumber";201
"Cuda";202
"cURL";203
"Cygwin";204
"Cypress";205
"D";206
"D3.js";207
"Dagger 2";208
"Dart";209
"Datalife engine";210
"DBA";211
"DBIx::Class";212
"DDD";213
"Debian";214
"Deep Learning";215
"Delphi";216
"DevExpress";217
"DevOps";218
"DevRel";219
"DevSecOps";220
"DHCP";221
"DirectX";222
"DITA";223
"Django";224
"DNS";225
"DocBook";226
"Docker";227
"Doctrine";228
"Doctrine2";229
"Document Object Model";230
"Documentum";231
"Dojo";232
"Domain Specific Languages";233
"Drupal";234
"DWH";235
"Eclipse";236
"Edius";237
"Elasticsearch";238
"Electron";239
"Elixir";240
"ELK Stack";241
"Elm";242
"Eloqua";243
"Email маркетинг";244
"Embedded linux";245
"Ember.js";246
"Emmet";247
"Enterprise";248
"Enterprise JavaBeans";249
"Enterprise Service Bus";250
"Entity framework";251
"Erlang";252
"Erlang/OTP";253
"ERM";254
"ER-диаграммы";255
"Ethereum";256
"Ethernet 802.1Q";257
"ETL";258
"Exim";259
"Express";260
"Ext JS";261
"F#";262
"Facebook API";263
"Falcon";264
"FastAPI";265
"Fastlane";266
"FFmpeg";267
"FHIR";268
"Figma Design";269
"Filemaker";270
"Final Cut Pro X";271
"Fine BI";272
"Firebird";273
"Firewall";274
"Flash-программирование";275
"Flask";276
"Flex";277
"Flow";278
"Fl studio";279
"Flutter";280
"FluxCD";281
"Forth";282
"Fortran";283
"Foundation";284
"FPGA";285
"FreeBSD";286
"FreeMarker Template Engine";287
"Freeswitch";288
"Frida";289
"FuelPHP";290
"Fullstack";291
"FUSE";292
"Game Maker Language (GML)";293
"GCD";294
"Gearman";295
"Gentoo";296
"Gevent";297
"Ghidra";298
"GIMP";299
"GIS";300
"Git";301
"Git-Flow";302
"GitHub";303
"GitHub Actions";304
"GitHub Deployments";305
"GitLab";306
"Glide";307
"Global";308
"GLSL";309
"GNU";310
"GNU Compiler collection";311
"GNU Make";312
"Golang";313
"Google AdWords";314
"Google Analytics";315
"Google App Engine";316
"Google BigQuery";317
"Google Cloud Platform";318
"Google Firebase";319
"Google Kubernetes Engine";320
"Google Maps API";321
"Google Partners";322
"Google Search Console";323
"Google Tag Manager";324
"Gradle";325
"Grafana";326
"Grails framework";327
"GraphQL";328
"GRASP";329
"Graylog";330
"Groovy";331
"Growth hacking";332
"gRPC";333
"Grunt";334
"GTK+";335
"GUI дизайн";336
"Gulp";337
"GWT";338
"Haml";339
"Haskell";340
"Haxe";341
"Hexagon";342
"Hibernate";343
"Highcharts.js";344
"Host CMS";345
"Houdini";346
"HP LoadRunner";347
"HTML";348
"HTTP";349
"Hyper-v";350
"IBM Db2";351
"IBM WebSphere";352
"IDA Pro";353
"IDS";354
"IIS";355
"Inkscape";356
"Insales";357
"Intellij IDEA";358
"Interbase";359
"Ionic";360
"iOS Human Interface Guidelines";361
"IPS Community Suite";362
"Iptables";363
"ITIL";364
"It-консультирование";365
"J2ME";366
"Jackson";367
"Jade";368
"Jasmine";369
"Java";370
"Java core";371
"Java EE";372
"JavaFX";373
"Java message service";374
"Java Persistence API";375
"JavaScript";376
"Java SE";377
"Java Servlet";378
"Java Spring Framework";379
"Java Spring Framework.";380
"JBoss Application Server";381
"JBoss EJB3";382
"JDBC";383
"Jee";384
"Jenkins";385
"Jest";386
"Jira";387
"Joomla";388
"JOOQ";389
"JQuery";390
"JQuery Mobile";391
"JQuery UI";392
"JSF";393
"JSS";394
"Juniper";395
"Junit";396
"Jupyter Notebook";397
"Kanban";398
"Karma";399
"Kaspersky Endpoint Security";400
"Kendo UI";401
"Keras";402
"Kerio";403
"Keynote";404
"Knockout.js";405
"koa.js";406
"Kohana framework";407
"Kotlin";408
"Ktor";409
"Kubernetes";410
"KVM";411
"Labview";412
"Lamp";413
"Laravel";414
"Latex";415
"Lazarus";416
"LDAP";417
"Leaflet";418
"Lean startup";419
"LESS";420
"LibGDX";421
"Liferay";422
"Link Building";423
"Linq";424
"Linux";425
"Linux kernel";426
"Lisp";427
"Lit Elements";428
"Livestreet";429
"Lotus Domino";430
"Lua";431
"Lync";432
"Mac";433
"Magento";434
"Mailchimp";435
"Manticore";436
"Mapreduce";437
"Marionette.js";438
"Markdown";439
"Marvel App";440
"Material Design";441
"MaterializeCSS";442
"MathCAD";443
"Matlab";444
"MatPlotLib";445
"Matte painting";446
"McAfee DLP";447
"Memcache";448
"Mercurial";449
"Meteor.js";450
"MFC";451
"Microsoft Access";452
"Microsoft Dynamic CRM";453
"Microsoft Dynamics CRM";454
"Microsoft Dynamics NAV";455
"Microsoft Excel";456
"Microsoft Exchange Server";457
"Microsoft Office";458
"Microsoft PowerPoint";459
"Microsoft Project";460
"Microsoft Silverlight";461
"Microsoft SQL";462
"Microsoft SQL Server";463
"Microsoft Visio";464
"Microsoft Word";465
"Microsoft Xna";466
"Mikrotik";467
"Mobile";468
"MobX";469
"Mocha";470
"MODX CMS";471
"MODX EVO";472
"MODX REVOLUTION";473
"Mojolicious";474
"Moleculer.js";475
"MongoDB";476
"Mootools";477
"MPLS";478
"MQL4";479
"MQTT";480
"MSP";481
"MSP430";482
"Mudbox";483
"MVVM";484
"MVVM WS WCF";485
"MyBatis";486
"MySQL";487
"MySQLi";488
"Nagios";489
"NativeScript";490
"Neo4j";491
"NestJS";492
".NET";493
"NetBackup";494
"Netbeans";495
"Netcat CMS";496
".NET Core";497
"Netty";498
"New business development";499
"Next.js";500
"Nginx";501
"Nhibernate";502
"Nightwatch.js";503
"Node.js";504
"NoSQL";505
"Notepad++";506
"Nuke";507
"NumPy";508
"Nunit";509
"Nuxt.js";510
"NW.js";511
"Objective-С";512
"October Cms";513
"OData";514
"OLAP";515
"Onboarding";516
"OpenAPI Specification";517
"Opencart";518
"OpenCL";519
"OpenCV";520
"OpenEdge ABL";521
"OpenGL";522
"OpenGL ES";523
"OpenMP";524
"Openstack";525
"OpenVPN";526
"OpenVZ";527
"Operations";528
"Oracle";529
"Oracle application express";530
"Oracle DBA";531
"Oracle E-Business Suite";532
"Oracle Engineered Systems";533
"Oracle PL";534
"Oracle PL/SQL";535
"Oracle Siebel CRM";536
"Oracle Solaris";537
"Oracle SQL";538
"Oracle weblogic server";539
"Oracle Workflow";540
"OSGI";541
"Osi model";542
"OSPF";543
"OWASP";544
"Paint Tool SAI";545
"Pandas";546
"Parallax";547
"Parser3";548
"Pascal";549
"Pawn";550
"Payment gateways";551
"PCB дизайн";552
"PCI DSS";553
"Performance";554
"Performance tuning";555
"Perl";556
"pfSense";557
"pgSQL";558
"Phalcon";559
"Phantom.js";560
"Phoenix";561
"PhoneGap";562
"PHP";563
"PHPMyAdmin";564
"PhpUnit";565
"Pic microcontroller";566
"Pixelmator";567
"Pixel-perfect";568
"Pixi.js";569
"Play";570
"PLC";571
"PMBOK";572
"Point Cloud Library";573
"Polymer (library)";574
"Posix";575
"PostCSS";576
"Postfix";577
"PostGIS";578
"PostgreSQL";579
"Postman";580
"PowerBI";581
"PowerBuilder";582
"PowerScript";583
"Powershell";584
"Ppc";585
"Pre-sale";586
"PrestaShop";587
"PrimeFaces";588
"Prism";589
"Product training";590
"Prolog";591
"Prometheus";592
"Protobuf";593
"Pug";594
"Puppet";595
"Pure C";596
"PWA";597
"PyQT";598
"Pyramid";599
"Python";600
"PyTorch";601
"Qemu";602
"Qlik Sense";603
"QlikView";604
"QML";605
"QNX";606
"QoS / ETS (Enhanced Transmission Selection) RFC";607
"Qt";608
"QT QML";609
"Quarkus";610
"QuarkXPress";611
"R";612
"RabbitMQ";613
"RDMA";614
"React";615
"React Native";616
"RealBig";617
"Realm";618
"Realtime";619
"ReasonML";620
"ReasonReact";621
"Recoil";622
"Red Hat";623
"Red Hat Enterprise Linux";624
"Red Hat Linux";625
"Redis";626
"Redmine";627
"Redux";628
"Regex";629
"Reinforcement learning";630
"Require.js";631
"Responsys";632
"REST";633
"REST Assured";634
"RESTful API";635
"RESTful WebServices.";636
"reStructuredText";637
"Retrofit";638
"RGB";639
"Riak";640
"RISC-V";641
"RnD";642
"Robot Framework";643
"Room";644
"RSpec";645
"RTL";646
"Ruby";647
"Ruby on Rails";648
"Rust";649
"RxJava 2";650
"RxSwift";651
"Saas";652
"Sails.js";653
"SAI Paint Tool";654
"Salesforce";655
"Samba";656
"Sanic";657
"SAP";658
"SAP BI";659
"SAP Business Objects BI";660
"SAP ERP";661
"SAP HCM";662
"SAP HR";663
"SAP Hybris";664
"SAP PM";665
"SAP S/4 HANA";666
"SAP SD/MM";667
"SAP TM";668
"SAP НСИ";669
"SAS";670
"Sass";671
"SAST/DAST";672
"Scada";673
"Scala";674
"Scrapy";675
"Scratch";676
"Screaming Frog";677
"Scrum";678
"Scrum Master";679
"SCSS";680
"SDL/SDLC";681
"Selenide";682
"Selenium";683
"Semrush";684
"Sencha touch";685
"Sentry";686
"SEO-аудит сайтов";687
"SEO-оптимизация";688
"SE Ranking";689
"SerpStat";690
"Server-side rendering";691
"Service Discovery";692
"Sharepoint";693
"Shell";694
"Shell scripting";695
"Sidero";696
"SIEM";697
"Siemens NX";698
"Signalr";699
"Silex";700
"Simatic step7";701
"Simpla CMS";702
"Sinatra";703
"SIP";704
"Sketch";705
"Slim";706
"Smalltalk";707
"SmartCards";708
"Smart TV";709
"Smarty";710
"SMB";711
"SMM";712
"SOA";713
"SOAP";714
"Socket.io";715
"Solana";716
"SOLID";717
"Solidity";718
"SolidWorks";719
"Solr";720
"SonarQube";721
"Sonatype Nexus";722
"Sony Vegas";723
"Sony Vegas Pro";724
"Sphinx";725
"Splunk";726
"Spring Boot";727
"SQL";728
"SQLalchemy";729
"SQLite";730
"SQL Server Reporting Services";731
"Squid";732
"SRE";733
"SSAS";734
"SSDL";735
"SSH";736
"SSIS";737
"Starling";738
"StatsModels";739
"STM32";740
"Storyboard";741
"Storybook";742
"Strapi";743
"Stylus";744
"Sublime Text";745
"SugarCRM";746
"Svelte.js";747
"SVG";748
"SVN";749
"SW/HW";750
"Swift";751
"SwiftUI";752
"Swing";753
"Switching";754
"Sybase";755
"Symfony";756
"SystemC";757
"SystemVerilog";758
"Tableau";759
"TalosOS";760
"Tarantool";761
"TCP";762
"TDD/BDD";763
"TeamCity";764
"Team Foundation Server";765
"TensorFlow";766
"Terraform";767
"TestLink";768
"TestNG";769
"TestRail";770
"Three.js";771
"Tilda";772
"Titanium";773
"TOGAF";774
"Tornado Web Server";775
"Trello";776
"T-SQL";777
"Twig";778
"Twisted";779
"Twitter Bootstrap";780
"TypeORM";781
"TypeScript";782
"TYPO3";783
"Ubuntu";784
"UIKit";785
"UI/UX дизайн";786
"UMI.CMS";787
"UML";788
"Underscore.js";789
"Unity3d";790
"Unix";791
"Unix Shell Scripting";792
"Unreal Engine";793
"UVM";794
"UWSGI";795
"UX-копирайтинг";796
"UX тестирование";797
"Vaadin";798
"Vagrant";799
"Vanilla.js";800
"Vapor";801
"VBScript";802
"Verilog HDL";803
"Vert.x";804
"VHDL";805
"Vim";806
"VirtualBox";807
"VirtueMart";808
"Visual Basic";809
"Visual Basic для приложений";810
"Visual C#";811
"Visual Studio";812
"VK API";813
"VMware";814
"VMWare ESXi";815
"Vmware vSphere";816
"VPN";817
"VPS";818
"V-Ray";819
"vTiger";820
"Vue.js";821
"Vulkan API";822
"Waterfall";823
"Way4 Platform";824
"WCF";825
"Web";826
"Webasyst";827
"Webflow";828
"WebGL";829
"Web Interface Design";830
"Webpack";831
"WebRTC";832
"WebSockets";833
"WebTutor";834
"Win32 API";835
"WinDbg";836
"Windows API";837
"Windows Azure";838
"Windows Forms";839
"WinRT";840
"Wireframes";841
"Wireshark";842
"Wolfram Mathematica";843
"WooCommerce";844
"WordPress";845
"Wowza";846
"WPF";847
"WxWidgets";848
"X86 asm";849
"Xamarin";850
"XAML";851
"Xcode";852
"Xen";853
"Xen Cloud Platform";854
"XHTML";855
"XML";856
"XMPP";857
"XPath";858
"XSLT";859
"Yandex.Cloud";860
"Yandex Database";861
"Yandex DataLens";862
"Yii framework";863
"YouTrack";864
"Yupe";865
"Zabbix";866
"ZBrush";867
"Zend Framework";868
"Zennoposter";869
"Zeplin";870
"ZigBee";871
"z/OS";872
"Zurb foundation";873
"Автоматизация процессов";874
"Автоматизация тестирования";875
"Адаптивная верстка";876
"Адаптивный дизайн";877
"Администрирование 1С";878
"Администрирование FreeBSD";879
"Администрирование LAMP";880
"Администрирование Linux";881
"Администрирование MS SQL";882
"Администрирование *nix";883
"Администрирование Oracle";884
"Администрирование Windows";885
"Администрирование баз данных";886
"Администрирование Вebian";887
"Администрирование оборудования Cisco";888
"Администрирование оборудования Juniper Networks";889
"Администрирование почтовых серверов";890
"Администрирование сайтов";891
"Администрирование серверов";892
"Администрирование сетей";893
"Академический рисунок";894
"Алгоритмическая закупка рекламы";895
"Алгоритмы";896
"Алгоритмы и структуры данных";897
"Анализ данных";898
"Анализ требований";899
"Анимация персонажей";900
"Арт-директинг";901
"Архитектура предприятия";902
"Асинхронное программирование";903
"АСУ ТП";904
"Аудит сайтов";905
"Аффилированный маркетинг";906
"Баг-трекинг";907
"Базы данных";908
"Безопасность сетей";909
"Бережливое производство";910
"Бережливый стартап";911
"Беспроводные технологии";912
"Библиотека стандартных шаблонов";913
"Бизнес аналитика";914
"Бизнес-консультирование";915
"Бизнес-моделирование";916
"Бизнес-планирование";917
"Битрикс24";918
"Большие данные";919
"Брендирование";920
"БЭМ";921
"Бюджетирование проектов";922
"Валидная верстка";923
"Веб аналитика";924
"Веб-дизайн";925
"Веб-разработка";926
"Ведение блога";927
"Ведение переговоров";928
"Векторная графика";929
"Венчурные инвестиции";930
"Верстка Email";931
"Верстка книг";932
"Верстка лендингов";933
"Верстка печатных изданий";934
"Верстка полиграфической продукции";935
"Взаимодействие с государственными органами";936
"Видеодизайн";937
"Видеостриминг";938
"Визуализация";939
"Виртуализация";940
"Виртуализация hyper-v";941
"Вирусный маркетинг";942
"ВКС";943
"Внедрение CRM";944
"Внедрение геймификации";945
"Внедрение монетизации";946
"Внешняя оптимизация";947
"Внутренняя и внешняя оптимизация";948
"Внутренняя оптимизация";949
"Встраиваемая система";950
"Высокая доступность";951
"Высоконагруженные системы";952
"Генерация идей";953
"Геоинформационные системы";954
"Грамотность";955
"Графика для игр";956
"Графический дизайн";957
"Датамайнинг";958
"Диаграммы связей";959
"Дизайн групп Вконтакте";960
"Дизайн игр";961
"Дизайн иконок";962
"Дизайн интерьера";963
"Дизайн концептов";964
"Дизайн лендингов";965
"Дизайн логотипов";966
"Дизайн мобильных приложений";967
"Дизайн наружной рекламы";968
"Дизайн продукта";969
"Дизайн упаковки";970
"Дизайн уровней";971
"Допечатная подготовка";972
"Дополненная реальность";973
"Живопись";974
"Журналистика";975
"Защита информации";976
"Защита от DDOS";977
"Звукорежиссура";978
"Интерактивный дизайн";979
"Интернет маркетинг";980
"Интерфейс передачи сообщений";981
"Информационная архитектура";982
"Информационная безопасность";983
"Информационные технологии";984
"Информационный дизайн";985
"Исследование пользователя";986
"Исследование рынка";987
"Каллиграфия";988
"Клиент-серверные приложения";989
"Коллажирование";990
"Компас 3d";991
"Компиляторы";992
"Композинг";993
"Компоновка";994
"Компьютерная графика";995
"Компьютерное зрение";996
"Консультирование";997
"Консультирование по подбору персонала";998
"Контекстная реклама";999
"Контент маркетинг";1000
"Контроль качества";1001
"Конфигурационное управление";1002
"Концепт-арт";1003
"Копирайтинг";1004
"Корпоративные коммуникации";1005
"Коучинг";1006
"Криптография";1007
"Кроссбраузерная верстка";1008
"Кросс-платформенная разработка";1009
"Леттеринг";1010
"Лидогенерация";1011
"Литературное редактирование";1012
"Локализация ПО";1013
"Маркетинг мобильных приложений";1014
"Маркетинговые исследования";1015
"Маршрутизация";1016
"Математика";1017
"Математическая статистика";1018
"Математическое моделирование";1019
"Машинное обучение";1020
"Медиапланирование";1021
"Медийная реклама";1022
"Многопоточность";1023
"Многопротокольная коммутация по меткам";1024
"Моделирование";1025
"Модерирование";1026
"Модульное тестирование";1027
"Мониторинг";1028
"Мониторинг и анализ рынка";1029
"Мониторинг сетей";1030
"Монтаж видео";1031
"Монтаж систем связи";1032
"Мультипликация";1033
"Нагрузочное тестирование";1034
"Написание инструкций";1035
"Написание музыки";1036
"Написание сценариев";1037
"Настройка VPN";1038
"Настройка и наладка оборудования";1039
"Настройка и ремонт компьютерной техники";1040
"Настройка оборудования Cisco";1041
"Настройка офисных мини-атс";1042
"Научно-исследовательская работа";1043
"Нейминг";1044
"Нейронные сети";1045
"Низкополигональное моделирование";1046
"Низкоуровневое программирование";1047
"Новые медиа";1048
"Обеспечение качества";1049
"Облачные вычисления";1050
"Обработка естественного языка";1051
"Обработка звука";1052
"Обработка изображений";1053
"Обработка резюме";1054
"Обработка фотографий";1055
"Обратная разработка";1056
"Обслуживание клиентов";1057
"Обучение персонала";1058
"Объектно-ориентированное проектирование";1059
"Объектно-реляционное отображение";1060
"Озвучивание";1061
"ООП";1062
"Операционная система реального времени";1063
"Описание бизнес-процессов";1064
"Оптимизация бизнес-процессов";1065
"Оптимизация кода";1066
"Оптимизация под социальные сети";1067
"Организационная разработка";1068
"Организация бизнес-процессов";1069
"Организация мероприятий";1070
"Организация работы с CRM";1071
"Пайка радиокомпонентов";1072
"Параллельное программирование";1073
"Парсинг";1074
"Паттерны проектирования";1075
"Пиксельная графика";1076
"Планирование";1077
"Плоский дизайн";1078
"Повышение конверсии";1079
"Подбор команды";1080
"Подбор руководителей";1081
"Подбор специалистов";1082
"Поддержка клиентов";1083
"Поддержка сайтов";1084
"Поисковая оптимизация";1085
"Поиск талантов";1086
"Полиграфический дизайн";1087
"Портретная фотография";1088
"Построение бизнес-моделей";1089
"Построение команды";1090
"Предметная визуализация";1091
"Предметная фотография";1092
"Презентации";1093
"Преподавание в IT";1094
"Привлечение клиентов";1095
"Прикладная криптография";1096
"Прикладная математика";1097
"Прикладное ПО";1098
"Проведение интервью";1099
"Проведение исследований";1100
"Программирование микроконтроллеров";1101
"Программирование ПЛК";1102
"Программирование ЧПУ";1103
"Программная инженерия";1104
"Продажи";1105
"Продажи HR-услуг";1106
"Продвижение проектов";1107
"Продуктовый маркетинг";1108
"Продюсирование";1109
"Проектирование";1110
"Проектирование архитектуры приложений";1111
"Проектирование баз данных";1112
"Проектирование в Axure";1113
"Проектирование взаимодействия";1114
"Проектирование интерфейсов";1115
"Проектирование информационных систем";1116
"Проектирование и прокладка ЛВС";1117
"Проектирование и строительство СКС";1118
"Проектирование сайтов";1119
"Проектирование сетей";1120
"Проектное планирование";1121
"Промышленный дизайн";1122
"Просмотр кода";1123
"Прототипирование";1124
"Публичные выступления";1125
"Пунктуальность";1126
"Работа в команде";1127
"Работа с аудио и видео";1128
"Развитие бизнеса";1129
"Разработка CRM";1130
"Разработка SEO-стратегии";1131
"Разработка бизнес-стратегии";1132
"Разработка браузерных расширений";1133
"Разработка драйверов";1134
"Разработка игр";1135
"Разработка интернет-магазинов";1136
"Разработка интерфейсов";1137
"Разработка креативных стратегий коммуникаций";1138
"Разработка мобильных приложений";1139
"Разработка персонажа";1140
"Разработка печатных плат";1141
"Разработка под 1С";1142
"Разработка под Android";1143
"Разработка под AR и VR";1144
"Разработка под iOS";1145
"Разработка под Windows Phone";1146
"Разработка программного обеспечения";1147
"Разработка продукта";1148
"Разработка продуктовой стратегии";1149
"Разработка решений по интеграции";1150
"Разработка систем биллинга";1151
"Разработка систем видеонаблюдения";1152
"Разработка систем защиты информации";1153
"Разработка тест-кейсов";1154
"Разработка ТЗ";1155
"Разработка фирменного стиля";1156
"Разработка через тестирование";1157
"Разработка шрифтов";1158
"Разработка электроники";1159
"Разработчик RPA";1160
"Раскадровка";1161
"Раскрутка сайтов";1162
"Распределённые вычисления";1163
"Растровая графика";1164
"Регрессионное тестирование";1165
"Регулярные выражения";1166
"Редактура и корректура";1167
"Рекрутмент";1168
"Ремонт и обслуживание оргтехники";1169
"Ремонт и обслуживание ПК";1170
"Рендеринг";1171
"Репортажная фотография";1172
"Рерайтинг";1173
"Ретуширование";1174
"Решение проблем";1175
"Рисование";1176
"Рисование от руки";1177
"Руководитель проектов 1С";1178
"Руководство стартапом";1179
"Ручное тестирование";1180
"С++ builder";1181
"САПР";1182
"Саунд-дизайн";1183
"Связи с общественностью";1184
"Семантическая верстка";1185
"Семантический веб";1186
"Сетевая безопасность";1187
"Сетевые технологии";1188
"Сеть хранения данных";1189
"Синхронная цифровая иерархия";1190
"Система автоматизированного проектирования";1191
"Системная аналитика";1192
"Системная интеграция";1193
"Системное администрирование";1194
"Системное программирование";1195
"Системный анализ";1196
"Системы виртуализации";1197
"Системы контроля версий";1198
"Скриптовое программирование";1199
"Слепая печать";1200
"Службы отчётности SQL Server";1201
"Создание flash-анимации";1202
"Создание анимации";1203
"Создание архитектуры проектов";1204
"Создание баннеров";1205
"Создание визиток";1206
"Создание визуальных эффектов";1207
"Создание звуковых эффектов";1208
"Создание иконок";1209
"Создание инфографики";1210
"Создание комиксов";1211
"Создание концепций";1212
"Создание креативных концепций";1213
"Создание скетчей";1214
"Создание фирменного стиля";1215
"Создание чертежей";1216
"Сокеты";1217
"Сопровождение проектов";1218
"Составление семантического ядра";1219
"Спецификация программного обеспечения";1220
"Стратегические коммуникации";1221
"Стратегический маркетинг";1222
"Стратегическое планирование";1223
"Стратегическое управление";1224
"Структурированная кабельная система";1225
"СУБД InterSystems Cache";1226
"СУБД InterSystems Caché";1227
"Схемотехника";1228
"Съемка видео";1229
"Таргетированная реклама";1230
"Текстовый перевод";1231
"Текстурирование";1232
"Телекоммуникации";1233
"Тестирование API";1234
"Тестирование дизайна";1235
"Тестирование методом свободного поиска";1236
"Тестирование мобильных приложений";1237
"Тестирование на проникновение";1238
"Тестирование ПО";1239
"Тестирование производительности";1240
"Тестирование сайтов";1241
"Техническая документация";1242
"Техническая поддержка";1243
"Технический дизайн";1244
"Технический директор";1245
"Технический перевод";1246
"Типографика";1247
"Управление IT-услугами";1248
"Управление бизнес-процессами";1249
"Управление изменениями";1250
"Управление компанией";1251
"Управление контентом";1252
"Управление людьми";1253
"Управление медиа";1254
"Управление программами";1255
"Управление продуктами";1256
"Управление проектами";1257
"Управление разработкой";1258
"Управление рисками";1259
"Управление событиями";1260
"Управление требованиями к ПО";1261
"Установка и обслуживание офисной техники";1262
"Финансовая аналитика";1263
"Форензика";1264
"Фоторетушь";1265
"Фотосъемка";1266
"Функциональное программирование";1267
"Функциональное тестирование";1268
"Художественный перевод";1269
"Цветокоррекция";1270
"Цифровая живопись";1271
"Цифровой сигнальный процессор";1272
"Цифровые медиа";1273
"Шаблон проектирования";1274
"Шейдеры";1275
"Электронная коммерция";1276
"Юриспруденция";1277
"Яндекс директ";1278
"Яндекс.Метрика";1279
